Date,Revenue,Quantity,Profit
2023-01-01,4930.38,42,1581.86
2023-01-02,3926.36,34,1282.98
2023-01-03,4399.99,37,1127.26
2023-01-04,5063.62,42,1769.3
2023-01-05,2826.46,27,700.93
2023-01-06,5231.43,45,1501.08
2023-01-07,4355.26,38,1249.24
2023-01-08,4715.56,44,1461.65
2023-01-09,4130.63,36,1354.46
2023-01-10,5082.45,44,1677.87
2023-01-11,5541.63,54,1609.01
2023-01-12,7144.79,59,1626.89
2023-01-13,5447.51,48,1776.56
2023-01-14,6027.71,55,1826.03
2023-01-15,4747.61,45,1192.33
2023-01-16,5533.82,53,1700.71
2023-01-17,3116.25,28,738.89
2023-01-18,4706.16,42,1124.35
2023-01-19,4615.39,41,1123.72
2023-01-20,4136.68,36,1131.07
2023-01-21,5740.34,50,1611.92
2023-01-22,5385.02,45,1445.25
2023-01-23,3158.96,32,965.09
2023-01-24,6825.81,63,2025.48
2023-01-25,5565.85,49,1778.19
2023-01-26,4231.56,37,1345.16
2023-01-27,5190.54,48,1692.03
2023-01-28,4676.1,41,1469.98
2023-01-29,4800.6,49,1168.1
2023-01-30,4728.05,39,1207.06
2023-01-31,7085.88,56,2033.77
2023-02-01,4827.76,39,1329.88
2023-02-02,4399.66,40,1007.23
2023-02-03,6215.76,54,2018.79
2023-02-04,4832.67,42,1272.19
2023-02-05,5129.3,40,1738.89
2023-02-06,6312.91,50,1876.89
2023-02-07,3989.02,33,1203.3
2023-02-08,4864.17,41,1330.34
2023-02-09,4776.0,38,1617.8
2023-02-10,5239.13,47,1776.24
2023-02-11,5298.18,46,1336.81
2023-02-12,5635.06,51,1672.21
2023-02-13,5608.75,47,1918.1
2023-02-14,6124.53,55,1833.67
2023-02-15,6343.43,52,2187.27
2023-02-16,3958.13,39,1034.42
2023-02-17,5601.73,55,1860.7
2023-02-18,5538.65,49,1854.01
2023-02-19,5039.64,47,1171.78
2023-02-20,5676.11,48,1841.65
2023-02-21,4895.66,42,1179.84
2023-02-22,6822.47,52,2000.91
2023-02-23,5066.65,49,1547.57
2023-02-24,5551.12,48,1699.3
2023-02-25,3393.37,31,841.41
2023-02-26,4873.4,44,1123.8
2023-02-27,5209.89,42,1663.07
2023-02-28,5650.05,49,1302.7
2023-03-01,4882.64,41,1467.67
2023-03-02,4442.06,39,1194.02
2023-03-03,6788.77,61,2222.3
2023-03-04,3393.09,29,975.31
2023-03-05,5451.55,48,1729.68
2023-03-06,6361.59,50,2060.77
2023-03-07,7608.31,62,2507.65
2023-03-08,5952.92,51,1452.38
2023-03-09,7405.62,62,1993.32
2023-03-10,5751.97,45,1670.99
2023-03-11,4693.07,41,1539.25
2023-03-12,5435.12,48,1732.98
2023-03-13,5249.3,43,1783.05
2023-03-14,4960.62,39,1166.63
2023-03-15,5979.16,52,1463.53
2023-03-16,7566.65,67,1731.16
2023-03-17,4245.78,40,1331.34
2023-03-18,7504.5,59,2517.99
2023-03-19,5402.54,49,1276.28
2023-03-20,6468.49,51,1571.32
2023-03-21,5514.89,47,1403.88
2023-03-22,5968.32,53,1800.7
2023-03-23,7148.19,55,1739.29
2023-03-24,4369.84,37,1496.26
2023-03-25,6372.83,56,1814.09
2023-03-26,5404.26,45,1610.45
2023-03-27,4696.6,41,1497.86
2023-03-28,5501.22,52,1817.93
2023-03-29,5598.46,47,1782.26
2023-03-30,5020.91,48,1319.63
2023-03-31,6396.71,52,2210.1
2023-04-01,6143.11,52,1991.8
2023-04-02,4409.71,41,1208.09
2023-04-03,4528.14,36,1390.39
2023-04-04,5087.44,48,1600.61
2023-04-05,6918.76,63,1890.06
2023-04-06,6194.18,59,1815.9
2023-04-07,4661.46,42,1299.93
2023-04-08,4952.79,44,1232.68
2023-04-09,6103.15,50,1703.13
2023-04-10,5238.58,43,1469.72
2023-04-11,5196.05,44,1576.68
2023-04-12,5871.46,49,1582.1
2023-04-13,5770.78,50,1523.16
2023-04-14,4447.84,37,1237.16
2023-04-15,6192.27,50,1828.83
2023-04-16,4839.45,41,1329.31
2023-04-17,5992.57,55,1653.93
2023-04-18,4112.97,41,1215.73
2023-04-19,5967.08,52,1519.8
2023-04-20,4306.69,42,1432.63
2023-04-21,4381.54,42,1203.31
2023-04-22,4374.3,39,1222.83
2023-04-23,5745.27,54,1500.39
2023-04-24,4072.91,38,1328.85
2023-04-25,5077.82,47,1279.62
2023-04-26,5598.23,49,1578.42
2023-04-27,6266.22,50,2162.26
2023-04-28,5396.81,49,1484.01
2023-04-29,4913.8,41,1168.51
2023-04-30,4726.32,44,1443.09
2023-05-01,5863.19,51,1551.98
2023-05-02,5069.03,45,1406.01
2023-05-03,5800.53,51,1407.11
2023-05-04,5197.22,47,1254.9
2023-05-05,5923.43,51,1510.79
2023-05-06,4272.61,36,1171.92
2023-05-07,5708.08,52,1918.79
2023-05-08,5247.16,51,1681.12
2023-05-09,6661.65,57,1564.6
2023-05-10,3304.49,28,1152.19
2023-05-11,5507.95,44,1619.99
2023-05-12,6964.56,61,1549.1
2023-05-13,5091.32,43,1683.66
2023-05-14,4811.16,42,1173.71
2023-05-15,6736.04,57,1725.74
2023-05-16,4187.59,35,923.05
2023-05-17,3810.69,34,1234.41
2023-05-18,5498.03,45,1401.5
2023-05-19,5810.61,48,1367.16
2023-05-20,6816.11,53,1574.33
2023-05-21,6064.78,50,1580.87
2023-05-22,7164.73,63,2282.0
2023-05-23,6655.93,58,2091.56
2023-05-24,5579.43,46,1745.07
2023-05-25,4707.79,40,1322.92
2023-05-26,6066.22,51,1395.3
2023-05-27,5569.72,45,1271.0
2023-05-28,4936.55,41,1261.23
2023-05-29,5272.92,47,1245.64
2023-05-30,4570.95,41,1359.06
2023-05-31,7161.36,62,2061.21
2023-06-01,4405.53,38,1434.63
2023-06-02,3415.7,33,893.5
2023-06-03,5757.75,48,1691.75
2023-06-04,4372.15,39,1145.82
2023-06-05,4487.24,40,1308.31
2023-06-06,3521.18,33,850.62
2023-06-07,5310.62,44,1674.86
2023-06-08,5237.21,42,1520.99
2023-06-09,7720.6,60,2625.79
2023-06-10,3482.95,29,1178.41
2023-06-11,4262.0,42,1448.26
2023-06-12,4626.88,42,1333.12
2023-06-13,5698.99,46,1981.38
2023-06-14,3235.47,30,842.58
2023-06-15,3296.71,28,920.6
2023-06-16,4837.11,43,1151.65
2023-06-17,3442.89,30,965.47
2023-06-18,6514.91,54,1462.0
2023-06-19,4844.82,43,1541.36
2023-06-20,4571.9,43,1190.38
2023-06-21,4889.62,41,1458.68
2023-06-22,5016.19,41,1413.61
2023-06-23,4279.49,37,1445.39
2023-06-24,2960.25,27,1012.21
2023-06-25,5530.02,54,1625.37
2023-06-26,4414.71,37,1360.7
2023-06-27,3294.26,30,1060.19
2023-06-28,6237.15,55,1739.43
2023-06-29,3791.45,32,1034.18
2023-06-30,4066.42,41,1131.55
2023-07-01,5042.24,42,1603.53
2023-07-02,5316.14,45,1328.58
2023-07-03,4549.75,39,1222.26
2023-07-04,4423.0,42,1034.25
2023-07-05,4050.79,35,909.12
2023-07-06,4014.22,35,1064.84
2023-07-07,4006.41,37,923.09
2023-07-08,4246.24,37,1044.74
2023-07-09,2482.47,24,852.75
2023-07-10,3931.52,39,1223.93
2023-07-11,4208.14,39,1226.7
2023-07-12,3257.48,30,746.49
2023-07-13,4410.19,36,1376.41
2023-07-14,7147.09,59,2406.42
2023-07-15,5443.26,49,1352.62
2023-07-16,4519.18,39,1053.23
2023-07-17,3658.3,30,845.98
2023-07-18,4765.51,41,1431.22
2023-07-19,5079.98,42,1657.23
2023-07-20,4174.7,36,1401.84
2023-07-21,4826.87,45,1555.47
2023-07-22,3493.83,30,1155.34
2023-07-23,6115.31,54,1592.88
2023-07-24,4967.9,39,1221.82
2023-07-25,5708.4,49,1490.91
2023-07-26,5072.59,44,1179.62
2023-07-27,5426.7,45,1554.55
2023-07-28,5121.78,46,1758.51
2023-07-29,4482.46,36,1349.61
2023-07-30,3398.21,32,1108.87
2023-07-31,4163.25,34,1443.68
2023-08-01,4828.51,40,1476.73
2023-08-02,3554.01,32,958.13
2023-08-03,3570.96,32,865.96
2023-08-04,5506.69,46,1826.85
2023-08-05,4835.56,43,1516.41
2023-08-06,3368.81,28,1094.67
2023-08-07,4271.07,36,978.18
2023-08-08,2161.27,18,745.84
2023-08-09,3668.25,34,891.88
2023-08-10,2640.09,23,794.27
2023-08-11,5010.11,44,1291.51
2023-08-12,4938.69,40,1177.6
2023-08-13,3932.51,34,961.58
2023-08-14,4227.45,39,1295.28
2023-08-15,4197.35,32,1416.92
2023-08-16,3358.28,30,910.87
2023-08-17,3944.86,35,916.26
2023-08-18,4149.28,38,1430.08
2023-08-19,3831.13,37,885.88
2023-08-20,3448.63,27,1122.27
2023-08-21,2700.04,23,784.22
2023-08-22,5594.77,48,1602.43
2023-08-23,4408.23,39,1388.87
2023-08-24,2027.29,18,555.35
2023-08-25,3160.44,28,990.64
2023-08-26,4563.5,43,1172.86
2023-08-27,4553.98,42,1244.22
2023-08-28,3287.79,31,981.87
2023-08-29,1935.98,16,564.06
2023-08-30,4549.01,43,1487.1
2023-08-31,3006.46,28,663.73
2023-09-01,1486.04,14,452.98
2023-09-02,4101.01,35,1379.28
2023-09-03,3606.35,33,862.53
2023-09-04,2856.68,26,904.66
2023-09-05,6540.2,49,1829.78
2023-09-06,6427.37,53,2156.22
2023-09-07,3428.42,31,842.05
2023-09-08,3056.1,29,921.79
2023-09-09,4835.02,41,1577.86
2023-09-10,3761.39,33,1147.82
2023-09-11,5072.0,44,1510.23
2023-09-12,3139.6,27,928.43
2023-09-13,1637.28,15,490.79
2023-09-14,4927.47,41,1605.83
2023-09-15,4026.15,35,1041.36
2023-09-16,4992.96,43,1154.94
2023-09-17,2770.07,24,718.52
2023-09-18,4413.03,33,1042.51
2023-09-19,3524.25,31,1194.71
2023-09-20,3036.02,28,862.08
2023-09-21,3526.93,33,958.8
2023-09-22,3969.1,36,1351.56
2023-09-23,4387.27,45,1132.39
2023-09-24,3147.51,29,797.25
2023-09-25,1934.95,17,440.7
2023-09-26,4084.28,34,1278.7
2023-09-27,5211.91,42,1639.51
2023-09-28,3769.61,31,1103.64
2023-09-29,2930.97,29,769.5
2023-09-30,4793.89,39,1060.25
2023-10-01,3955.68,35,917.48
2023-10-02,3556.97,31,1123.02
2023-10-03,2885.17,23,971.36
2023-10-04,4753.15,38,1626.04
2023-10-05,4204.19,35,1437.28
2023-10-06,5287.61,42,1649.54
2023-10-07,3917.72,35,1096.15
2023-10-08,3163.86,25,978.78
2023-10-09,4826.86,41,1291.35
2023-10-10,3106.67,29,743.43
2023-10-11,3018.16,23,798.92
2023-10-12,4025.79,34,1175.99
2023-10-13,2910.72,25,1005.65
2023-10-14,3998.82,35,1332.17
2023-10-15,3647.55,32,1125.61
2023-10-16,5058.06,43,1644.69
2023-10-17,4668.82,37,1429.25
2023-10-18,5234.33,45,1304.76
2023-10-19,4869.93,45,1126.96
2023-10-20,5659.14,46,1898.12
2023-10-21,3765.64,34,1014.21
2023-10-22,2224.29,19,690.16
2023-10-23,3877.88,32,1027.25
2023-10-24,3359.42,28,746.73
2023-10-25,4460.11,35,1362.1
2023-10-26,2781.88,22,836.33
2023-10-27,2441.33,20,694.08
2023-10-28,5131.48,43,1604.76
2023-10-29,3751.39,32,1108.12
2023-10-30,4029.6,37,1277.52
2023-10-31,2412.07,23,722.42
2023-11-01,3363.32,33,1021.83
2023-11-02,3506.02,32,908.9
2023-11-03,5404.28,42,1500.57
2023-11-04,5519.77,47,1547.53
2023-11-05,5861.29,49,1433.64
2023-11-06,3375.1,30,1101.1
2023-11-07,3043.87,27,743.67
2023-11-08,6994.87,66,2293.64
2023-11-09,6158.44,53,1625.33
2023-11-10,3440.78,25,945.52
2023-11-11,4816.12,38,1675.65
2023-11-12,3975.35,35,1365.71
2023-11-13,4925.17,46,1409.4
2023-11-14,6419.9,56,1574.91
2023-11-15,5258.12,43,1385.89
2023-11-16,5890.77,46,1949.44
2023-11-17,4020.54,38,940.03
2023-11-18,5463.48,50,1582.82
2023-11-19,5840.92,52,1705.34
2023-11-20,5628.57,51,1377.01
2023-11-21,4455.72,43,987.02
2023-11-22,5181.95,50,1500.83
2023-11-23,6689.85,52,2165.66
2023-11-24,4317.83,34,1059.48
2023-11-25,8678.44,68,2871.57
2023-11-26,4950.42,48,1277.92
2023-11-27,6105.1,49,1562.63
2023-11-28,4883.8,49,1141.27
2023-11-29,4769.82,40,1517.88
2023-11-30,4777.35,43,1549.74
2023-12-01,4632.96,43,1233.13
2023-12-02,8400.29,69,1851.11
2023-12-03,4417.61,41,1182.07
2023-12-04,6037.63,54,1828.75
2023-12-05,7262.41,61,2509.67
2023-12-06,5553.92,46,1392.76
2023-12-07,7457.85,58,2042.94
2023-12-08,5088.59,43,1187.89
2023-12-09,5008.51,44,1275.92
2023-12-10,8090.44,65,2118.41
2023-12-11,5735.49,48,1751.58
2023-12-12,7289.32,73,2401.82
2023-12-13,6060.29,48,1597.5
2023-12-14,5355.16,48,1445.23
2023-12-15,6667.8,62,2305.16
2023-12-16,4594.18,49,1012.32
2023-12-17,5872.01,46,1532.75
2023-12-18,6511.57,51,2191.41
2023-12-19,6255.65,50,1557.28
2023-12-20,5401.89,49,1339.99
2023-12-21,6870.29,65,1874.41
2023-12-22,5365.6,49,1443.29
2023-12-23,4862.85,40,1572.57
2023-12-24,6449.49,56,2130.77
2023-12-25,5809.04,48,1396.65
2023-12-26,4941.38,50,1342.07
2023-12-27,4870.62,48,1562.6
2023-12-28,5048.48,42,1237.57
2023-12-29,6776.97,62,1965.68
2023-12-30,5724.12,49,1442.62
2023-12-31,4802.43,45,1099.27
2024-01-01,4738.93,44,1361.44
2024-01-02,4178.56,36,1116.79
2024-01-03,4407.36,41,976.73
2024-01-04,3965.1,35,1056.96
2024-01-05,3682.39,34,1010.23
2024-01-06,4319.65,39,1389.46
2024-01-07,5784.35,44,1659.52
2024-01-08,5393.01,45,1775.88
2024-01-09,4008.86,41,1000.53
2024-01-10,4518.35,40,1084.15
2024-01-11,4223.7,36,1413.35
2024-01-12,4224.66,39,1069.44
2024-01-13,6818.1,56,2192.52
2024-01-14,3236.72,32,903.36
2024-01-15,4631.82,40,1168.44
2024-01-16,3620.54,33,1044.29
2024-01-17,4136.57,36,1272.67
2024-01-18,3912.03,36,1090.33
2024-01-19,6000.56,54,1480.0
2024-01-20,6240.26,53,2132.95
2024-01-21,6281.23,55,1465.98
2024-01-22,4950.9,46,1671.01
2024-01-23,5889.45,50,1344.05
2024-01-24,5288.19,44,1303.16
2024-01-25,5594.73,51,1730.96
2024-01-26,5768.33,51,1513.83
2024-01-27,6935.06,64,2337.64
2024-01-28,4731.9,38,1574.85
2024-01-29,6812.69,55,2312.87
2024-01-30,4432.43,39,1172.5
2024-01-31,5462.7,41,1206.56
2024-02-01,6858.74,53,2336.63
2024-02-02,6330.08,57,1963.47
2024-02-03,5096.62,48,1314.66
2024-02-04,5961.77,48,1848.85
2024-02-05,6108.77,50,2110.4
2024-02-06,4775.18,39,1552.71
2024-02-07,6006.36,55,1975.3
2024-02-08,4260.36,38,1226.14
2024-02-09,5593.83,53,1753.99
2024-02-10,4541.49,35,1171.64
2024-02-11,6188.24,49,1629.15
2024-02-12,6207.08,57,1996.58
2024-02-13,5793.9,50,1839.5
2024-02-14,5532.02,51,1603.11
2024-02-15,7104.93,57,1597.7
2024-02-16,5144.57,48,1421.37
2024-02-17,5029.58,45,1138.98
2024-02-18,6018.61,53,1938.43
2024-02-19,4597.42,39,1211.04
2024-02-20,7266.54,57,2321.82
2024-02-21,6696.18,57,1786.84
2024-02-22,6760.96,56,1977.0
2024-02-23,5957.17,51,1842.79
2024-02-24,5898.39,48,1781.2
2024-02-25,7314.14,65,2315.48
2024-02-26,7699.17,66,2265.94
2024-02-27,6259.33,52,1976.92
2024-02-28,5554.97,52,1765.01
2024-02-29,3713.47,31,833.95
2024-03-01,7144.81,61,2336.35
2024-03-02,5467.38,45,1667.59
2024-03-03,6195.58,50,1874.47
2024-03-04,5651.06,48,1595.27
2024-03-05,5132.35,45,1332.98
2024-03-06,7234.58,61,2300.96
2024-03-07,5753.83,49,1948.19
2024-03-08,6589.73,50,1831.17
2024-03-09,7303.11,65,1968.05
2024-03-10,6366.3,60,1939.7
2024-03-11,5498.22,49,1527.28
2024-03-12,5246.19,44,1822.44
2024-03-13,5590.13,47,1833.76
2024-03-14,5064.09,42,1283.52
2024-03-15,4923.33,48,1533.13
2024-03-16,6021.09,49,1991.81
2024-03-17,7960.1,63,2726.18
2024-03-18,4995.68,45,1549.38
2024-03-19,5015.48,41,1613.74
2024-03-20,6804.32,56,2293.78
2024-03-21,7812.97,65,2549.76
2024-03-22,6654.78,56,1986.98
2024-03-23,5237.38,50,1330.95
2024-03-24,8336.2,72,2914.4
2024-03-25,4430.56,41,1206.44
2024-03-26,5286.42,49,1843.56
2024-03-27,4348.47,40,1139.45
2024-03-28,6037.09,50,1851.97
2024-03-29,7552.31,61,1969.3
2024-03-30,5158.17,42,1211.91
2024-03-31,5220.31,46,1487.95
2024-04-01,4778.49,39,1174.12
2024-04-02,5927.34,54,1392.2
2024-04-03,5781.71,52,1550.6
2024-04-04,5547.33,52,1893.69
2024-04-05,5124.04,46,1357.96
2024-04-06,6538.05,55,1967.81
2024-04-07,7087.66,66,1580.15
2024-04-08,6963.55,55,2158.02
2024-04-09,5236.38,48,1380.38
2024-04-10,5873.55,51,1342.57
2024-04-11,5198.83,40,1708.14
2024-04-12,5075.68,48,1334.54
2024-04-13,4842.23,43,1201.39
2024-04-14,5489.56,46,1719.27
2024-04-15,7510.73,57,2106.65
2024-04-16,6385.9,49,1529.5
2024-04-17,7022.96,55,1781.08
2024-04-18,5549.78,48,1764.52
2024-04-19,4522.22,42,1417.22
2024-04-20,6626.83,58,2309.32
2024-04-21,6531.0,54,1898.73
2024-04-22,4863.78,44,1160.1
2024-04-23,6508.62,56,1557.84
2024-04-24,3113.61,27,881.52
2024-04-25,7759.62,70,2342.08
2024-04-26,6891.37,55,1782.07
2024-04-27,4923.1,42,1633.99
2024-04-28,4897.26,44,1400.03
2024-04-29,4630.61,39,1115.38
2024-04-30,7371.95,62,2171.26
2024-05-01,6387.3,64,1674.83
2024-05-02,4202.12,42,951.57
2024-05-03,5470.76,53,1808.3
2024-05-04,4782.9,44,1351.24
2024-05-05,5565.47,49,1270.24
2024-05-06,6495.86,50,1888.3
2024-05-07,3732.56,36,941.4
2024-05-08,5391.17,49,1191.73
2024-05-09,4827.71,43,1435.67
2024-05-10,4155.95,40,1179.98
2024-05-11,7385.55,69,2279.97
2024-05-12,5204.29,46,1340.21
2024-05-13,3895.59,33,912.98
2024-05-14,6392.2,55,1565.55
2024-05-15,4058.46,32,1344.62
2024-05-16,4219.95,37,1293.1
2024-05-17,6507.84,59,1492.82
2024-05-18,3753.17,33,830.23
2024-05-19,5463.84,42,1444.06
2024-05-20,7513.3,57,2415.13
2024-05-21,5434.81,44,1677.5
2024-05-22,5768.11,48,1491.78
2024-05-23,4853.54,39,1251.64
2024-05-24,4819.5,45,1125.46
2024-05-25,7711.33,59,2025.82
2024-05-26,5394.06,46,1680.63
2024-05-27,5284.57,47,1483.6
2024-05-28,6322.72,55,1731.59
2024-05-29,4934.5,45,1197.4
2024-05-30,5782.99,57,1671.9
2024-05-31,5346.37,48,1604.9
2024-06-01,4650.01,37,1444.49
2024-06-02,5783.29,53,1908.92
2024-06-03,4681.55,43,1192.83
2024-06-04,5085.17,46,1696.17
2024-06-05,4592.19,46,1164.51
2024-06-06,5258.57,47,1249.99
2024-06-07,4304.35,40,1342.48
2024-06-08,5988.98,53,1418.92
2024-06-09,5962.8,51,1841.39
2024-06-10,6540.06,58,2203.35
2024-06-11,5478.44,49,1915.32
2024-06-12,5567.93,49,1561.59
2024-06-13,5314.76,47,1650.1
2024-06-14,4237.39,41,1260.61
2024-06-15,5623.12,51,1937.03
2024-06-16,4519.88,41,1148.49
2024-06-17,5602.03,48,1440.85
2024-06-18,3896.96,35,1043.34
2024-06-19,6534.99,54,1625.7
2024-06-20,4741.51,41,1360.9
2024-06-21,5846.56,50,1774.06
2024-06-22,4738.93,39,1381.59
2024-06-23,3789.71,31,1104.6
2024-06-24,4680.58,46,1455.61
2024-06-25,3990.39,33,1172.76
2024-06-26,4580.26,39,1555.24
2024-06-27,4676.41,42,1134.05
2024-06-28,5081.99,45,1610.06
2024-06-29,6203.28,46,1581.79
2024-06-30,4251.07,45,1219.01
2024-07-01,4242.41,39,1300.82
2024-07-02,4531.35,41,1515.26
2024-07-03,6145.41,47,1835.98
2024-07-04,6157.64,50,1532.74
2024-07-05,5006.63,43,1286.6
2024-07-06,3337.81,34,1022.41
2024-07-07,4165.41,41,1428.67
2024-07-08,5261.99,41,1745.66
2024-07-09,5207.25,44,1310.33
2024-07-10,3793.53,35,1187.1
2024-07-11,3708.23,31,1293.11
2024-07-12,4604.48,39,1080.51
2024-07-13,4412.39,40,1004.67
2024-07-14,4604.33,40,1270.02
2024-07-15,5331.1,43,1547.02
2024-07-16,4647.33,39,1526.14
2024-07-17,5333.56,46,1579.88
2024-07-18,2765.47,22,926.31
2024-07-19,4217.65,32,1268.99
2024-07-20,3103.6,26,852.57
2024-07-21,2310.54,20,602.78
2024-07-22,2486.7,21,784.5
2024-07-23,4415.14,33,1136.23
2024-07-24,5602.79,47,1903.71
2024-07-25,3018.81,23,967.88
2024-07-26,4100.92,40,958.69
2024-07-27,4711.26,38,1282.82
2024-07-28,4465.75,42,1372.89
2024-07-29,4720.41,41,1535.95
2024-07-30,3740.08,31,1009.59
2024-07-31,4740.91,43,1080.13
2024-08-01,3943.67,34,1347.61
2024-08-02,4453.48,35,1115.07
2024-08-03,5618.03,49,1273.07
2024-08-04,6549.02,56,1849.31
2024-08-05,3714.67,33,936.16
2024-08-06,5158.74,42,1284.18
2024-08-07,4689.12,43,1299.4
2024-08-08,2947.27,25,750.69
2024-08-09,4358.79,39,1228.87
2024-08-10,2686.0,23,908.55
2024-08-11,2923.12,26,978.09
2024-08-12,3198.54,26,952.98
2024-08-13,3547.62,30,788.12
2024-08-14,4094.19,36,1425.05
2024-08-15,3910.1,35,1127.14
2024-08-16,4456.34,38,1178.57
2024-08-17,2688.99,23,616.32
2024-08-18,3400.55,28,1059.8
2024-08-19,6468.36,55,1988.78
2024-08-20,4615.44,37,1460.22
2024-08-21,5832.75,46,1429.21
2024-08-22,3691.96,29,1129.31
2024-08-23,4565.18,37,1394.26
2024-08-24,5034.91,38,1542.55
2024-08-25,5029.0,41,1657.14
2024-08-26,2601.66,24,839.29
2024-08-27,5607.4,40,1898.36
2024-08-28,3088.23,29,790.72
2024-08-29,3173.25,28,1039.68
2024-08-30,4272.68,37,1457.7
2024-08-31,3731.17,31,917.0
2024-09-01,3382.22,32,993.74
2024-09-02,3266.73,27,985.94
2024-09-03,2931.94,25,850.2
2024-09-04,3961.11,37,1123.59
2024-09-05,2876.34,24,753.32
2024-09-06,4094.3,34,1399.98
2024-09-07,4013.3,34,1034.64
2024-09-08,5496.74,46,1257.86
2024-09-09,2625.91,22,585.32
2024-09-10,3697.87,29,1208.06
2024-09-11,4152.75,36,994.86
2024-09-12,2556.6,23,733.59
2024-09-13,3969.95,34,996.41
2024-09-14,3006.27,28,940.01
2024-09-15,2740.74,24,740.05
2024-09-16,4190.04,37,1164.83
2024-09-17,3356.89,27,836.65
2024-09-18,3409.2,26,865.56
2024-09-19,4270.13,37,1366.02
2024-09-20,2879.68,27,851.35
2024-09-21,2967.63,24,984.55
2024-09-22,2568.41,22,663.33
2024-09-23,4561.18,41,1045.08
2024-09-24,4915.77,40,1285.21
2024-09-25,2943.14,27,730.74
2024-09-26,2167.05,23,652.24
2024-09-27,4211.64,37,948.12
2024-09-28,2865.62,25,649.56
2024-09-29,2782.64,26,632.96
2024-09-30,2836.45,26,961.72
2024-10-01,2322.91,22,663.77
2024-10-02,4508.65,41,1022.11
2024-10-03,1674.87,16,456.67
2024-10-04,4117.41,34,1343.15
2024-10-05,4709.7,40,1123.79
2024-10-06,4350.64,37,1205.44
2024-10-07,4058.19,32,1329.34
2024-10-08,3938.29,37,1164.32
2024-10-09,2047.65,17,467.87
2024-10-10,3631.07,31,876.24
2024-10-11,4298.27,39,1256.36
2024-10-12,3312.73,29,735.65
2024-10-13,3054.07,28,689.27
2024-10-14,3567.79,28,1127.49
2024-10-15,2579.92,19,607.29
2024-10-16,5504.89,45,1478.44
2024-10-17,3881.59,36,1214.68
2024-10-18,3812.07,31,1267.32
2024-10-19,2734.93,22,789.92
2024-10-20,3481.51,32,1068.36
2024-10-21,4483.87,41,1009.65
2024-10-22,4426.77,40,1186.35
2024-10-23,5278.14,40,1497.13
2024-10-24,3661.4,31,1104.68
2024-10-25,2846.97,26,892.36
2024-10-26,3859.21,31,1311.5
2024-10-27,2194.45,18,649.08
2024-10-28,3262.03,27,882.29
2024-10-29,3405.25,33,825.64
2024-10-30,4334.39,33,1490.62
2024-10-31,3927.28,32,1104.23
2024-11-01,6312.86,53,1525.47
2024-11-02,4535.89,35,1460.39
2024-11-03,5268.84,47,1390.83
2024-11-04,5386.92,47,1721.81
2024-11-05,4810.82,49,1480.69
2024-11-06,4560.68,40,1164.9
2024-11-07,5376.19,41,1381.05
2024-11-08,5935.62,50,1571.32
2024-11-09,4130.92,39,1430.89
2024-11-10,5741.0,50,1620.72
2024-11-11,5395.99,52,1774.31
2024-11-12,4911.25,43,1437.33
2024-11-13,5306.74,56,1668.67
2024-11-14,5436.49,45,1538.61
2024-11-15,5221.47,46,1359.03
2024-11-16,4846.46,42,1100.16
2024-11-17,5123.88,45,1587.94
2024-11-18,4333.43,35,1258.6
2024-11-19,5382.23,46,1369.95
2024-11-20,6020.15,62,1817.77
2024-11-21,3953.41,38,1183.88
2024-11-22,5896.07,51,1998.88
2024-11-23,6635.25,56,1898.57
2024-11-24,5670.14,53,1281.25
2024-11-25,4703.5,42,1086.18
2024-11-26,6329.06,55,1695.58
2024-11-27,8979.96,73,2470.6
2024-11-28,5355.58,46,1696.72
2024-11-29,7118.37,63,1757.11
2024-11-30,5420.67,45,1814.07
2024-12-01,6630.64,55,2188.56
2024-12-02,4998.66,48,1245.62
2024-12-03,6254.08,54,1718.35
2024-12-04,4923.35,45,1158.07
2024-12-05,4497.09,43,1207.62
2024-12-06,6537.62,54,1989.18
2024-12-07,4882.32,46,1585.82
2024-12-08,4897.69,43,1513.99
2024-12-09,4081.54,38,1382.12
2024-12-10,7007.7,57,1938.94
2024-12-11,5196.94,46,1172.22
2024-12-12,5957.49,53,1948.54
2024-12-13,6521.68,55,1959.36
2024-12-14,7377.34,60,2161.76
2024-12-15,5462.77,51,1328.23
2024-12-16,7436.5,66,2260.61
2024-12-17,5207.09,44,1146.35
2024-12-18,6114.3,54,1811.62
2024-12-19,5272.43,43,1590.54
2024-12-20,6660.18,57,2019.59
2024-12-21,6340.3,58,1541.82
2024-12-22,5363.55,49,1854.71
2024-12-23,5987.25,51,1769.19
2024-12-24,7079.46,59,2391.31
2024-12-25,6514.24,51,1688.32
2024-12-26,7003.44,59,2376.73
2024-12-27,6401.01,56,1573.33
2024-12-28,6205.17,53,1957.11
2024-12-29,4808.61,40,1242.71
2024-12-30,4838.92,46,1446.77
2024-12-31,6635.69,54,2274.82
2025-01-01,3882.02,36,1271.45
2025-01-02,5167.41,43,1730.66
2025-01-03,3297.36,30,766.74
2025-01-04,4736.21,38,1145.09
2025-01-05,4733.33,39,1497.26
2025-01-06,3629.13,31,862.13
2025-01-07,6027.0,54,1578.69
2025-01-08,6356.39,54,1568.75
2025-01-09,5479.6,43,1892.22
2025-01-10,4772.2,38,1518.74
2025-01-11,3395.74,32,1098.06
2025-01-12,6662.7,53,2030.11
2025-01-13,4812.04,38,1489.67
2025-01-14,4055.29,41,1370.24
2025-01-15,4886.41,45,1436.67
2025-01-16,3875.63,36,1307.94
2025-01-17,6185.17,48,2156.66
2025-01-18,5144.78,45,1149.04
2025-01-19,4673.24,41,1255.94
2025-01-20,5288.74,43,1164.14
2025-01-21,4009.33,37,1326.41
2025-01-22,4153.85,39,992.3
2025-01-23,6800.24,59,2064.87
2025-01-24,5067.78,46,1196.62
2025-01-25,5535.03,52,1681.95
2025-01-26,7010.75,65,1544.83
2025-01-27,4257.54,36,1149.06
2025-01-28,5691.12,48,1613.02
2025-01-29,5098.19,48,1458.7
2025-01-30,4978.58,43,1683.65
2025-01-31,5082.72,43,1727.71
2025-02-01,5780.93,50,1285.61
2025-02-02,5682.98,52,1924.62
2025-02-03,6317.52,55,1533.07
2025-02-04,5244.92,45,1157.41
2025-02-05,3645.12,31,1091.07
2025-02-06,3962.75,39,1000.34
2025-02-07,4288.72,37,1276.58
2025-02-08,6016.87,53,1795.51
2025-02-09,5260.32,47,1526.36
2025-02-10,5392.58,49,1877.28
2025-02-11,4200.1,39,1145.06
2025-02-12,3418.84,29,1155.94
2025-02-13,5093.82,43,1613.4
2025-02-14,7122.64,56,2175.99
2025-02-15,6804.71,60,2330.44
2025-02-16,5705.44,45,1412.05
2025-02-17,5297.88,41,1372.46
2025-02-18,5482.62,48,1321.01
2025-02-19,5295.21,45,1573.38
2025-02-20,6961.25,59,1878.31
2025-02-21,6432.54,52,1624.01
2025-02-22,7922.69,63,2025.0
2025-02-23,5614.78,46,1542.46
2025-02-24,4004.73,34,1125.11
2025-02-25,4808.65,39,1650.75
2025-02-26,4741.58,43,1183.33
2025-02-27,4147.46,35,1387.59
2025-02-28,5181.86,44,1784.14
2025-03-01,5568.75,52,1316.1
2025-03-02,7336.15,57,2191.0
2025-03-03,3647.0,32,895.1
2025-03-04,5892.87,54,1533.54
2025-03-05,5760.19,56,1574.62
2025-03-06,6146.65,54,2025.02
2025-03-07,5661.4,53,1585.98
2025-03-08,3966.32,37,1383.31
2025-03-09,6634.38,55,2158.15
2025-03-10,5516.46,51,1610.15
2025-03-11,5547.62,52,1832.42
2025-03-12,5355.51,48,1580.85
2025-03-13,5799.29,50,1642.66
2025-03-14,4406.88,42,1056.75
2025-03-15,6587.19,52,1514.59
2025-03-16,4305.22,39,993.02
2025-03-17,6755.88,56,1600.95
2025-03-18,6138.89,51,1589.15
2025-03-19,5659.71,52,1266.24
2025-03-20,3850.74,34,1156.94
2025-03-21,4709.11,41,1315.85
2025-03-22,5712.87,51,1702.95
2025-03-23,5109.69,46,1663.88
2025-03-24,5384.45,52,1748.44
2025-03-25,4950.56,48,1510.85
2025-03-26,4500.8,39,1439.31
2025-03-27,4974.42,46,1248.93
2025-03-28,4127.23,37,1139.82
2025-03-29,5628.57,52,1318.07
2025-03-30,4247.65,40,1119.81
2025-03-31,5765.84,49,1321.66
2025-04-01,6029.93,55,1571.9
2025-04-02,7194.16,58,2037.21
2025-04-03,3528.69,29,1199.73
2025-04-04,4985.8,48,1688.47
2025-04-05,4957.34,46,1323.71
2025-04-06,7732.15,67,1785.12
2025-04-07,4971.4,39,1272.41
2025-04-08,4914.36,48,1201.97
2025-04-09,7715.96,64,2474.86
2025-04-10,5200.92,48,1153.76
2025-04-11,6776.35,50,2023.07
2025-04-12,5785.66,55,1399.86
2025-04-13,5807.74,55,1658.6
2025-04-14,6375.14,54,2081.73
2025-04-15,6285.41,58,2161.68
2025-04-16,5315.54,43,1796.91
2025-04-17,6787.66,56,1665.9
2025-04-18,7127.35,56,1755.19
2025-04-19,6398.58,52,2137.8
2025-04-20,5163.05,42,1279.4
2025-04-21,6299.4,59,1773.39
2025-04-22,5848.06,47,1535.8
2025-04-23,3758.86,32,901.06
2025-04-24,5974.89,55,1679.52
2025-04-25,6000.28,45,1587.15
2025-04-26,5751.62,58,1522.76
2025-04-27,6578.13,53,2002.02
2025-04-28,3265.83,28,1019.86
2025-04-29,5022.85,39,1345.33
2025-04-30,4469.62,40,1026.14
2025-05-01,6192.2,53,1384.25
2025-05-02,6990.12,60,1865.86
2025-05-03,6417.87,57,1640.47
2025-05-04,6128.06,55,1696.82
2025-05-05,4650.92,42,1539.19
2025-05-06,5185.66,44,1162.6
2025-05-07,5001.43,44,1656.56
2025-05-08,6560.08,52,1677.9
2025-05-09,5803.27,50,1288.67
2025-05-10,5420.61,53,1253.8
2025-05-11,7586.6,62,2466.22
2025-05-12,5965.46,50,1713.14
2025-05-13,4435.48,38,1007.25
2025-05-14,4908.97,42,1112.45
2025-05-15,7581.66,65,2221.23
2025-05-16,4861.7,48,1229.21
2025-05-17,6988.7,58,1540.89
2025-05-18,5635.43,47,1359.14
2025-05-19,3634.71,34,1209.16
2025-05-20,6463.73,57,2164.85
2025-05-21,5527.65,44,1859.27
2025-05-22,5283.34,51,1302.97
2025-05-23,5015.18,44,1332.72
2025-05-24,6632.81,53,1697.79
2025-05-25,4992.43,45,1584.04
2025-05-26,4637.07,39,1081.37
2025-05-27,4775.99,43,1183.03
2025-05-28,6451.12,61,1731.88
2025-05-29,6362.23,53,1634.01
2025-05-30,5234.23,49,1320.96
2025-05-31,4113.25,37,1209.4
2025-06-01,5258.06,44,1293.52
2025-06-02,3822.36,38,1109.3
2025-06-03,5136.29,42,1351.76
2025-06-04,7284.85,58,1747.45
2025-06-05,4547.4,39,1507.13
2025-06-06,3784.28,35,886.56
2025-06-07,5380.07,46,1572.34
2025-06-08,5969.42,45,1545.47
2025-06-09,5425.42,50,1286.69
2025-06-10,5385.82,48,1215.85
2025-06-11,6764.53,56,1612.14
2025-06-12,5490.9,51,1642.07
2025-06-13,5537.05,52,1325.17
2025-06-14,5024.66,44,1487.77
2025-06-15,6018.13,47,1413.17
2025-06-16,4546.16,38,1406.69
2025-06-17,5515.04,47,1604.89
2025-06-18,5482.46,41,1373.91
2025-06-19,5913.75,52,1931.02
2025-06-20,6436.16,51,2154.19
2025-06-21,4072.05,35,1056.02
2025-06-22,6054.33,49,1910.39
2025-06-23,4164.97,39,925.46
2025-06-24,5044.66,43,1533.76
2025-06-25,4601.3,40,1160.1
2025-06-26,4455.77,39,1059.69
2025-06-27,3377.53,30,872.34
2025-06-28,6186.52,52,1965.72
2025-06-29,3782.93,34,1091.71
2025-06-30,4921.8,41,1432.08
2025-07-01,4867.7,44,1349.74
2025-07-02,4466.96,40,1562.83
2025-07-03,4684.96,40,1073.87
2025-07-04,5882.82,49,1762.31
2025-07-05,5573.9,49,1891.91
2025-07-06,5177.04,43,1713.88
2025-07-07,7415.07,59,1902.36
2025-07-08,3986.58,33,1034.55
2025-07-09,5035.84,51,1690.65
2025-07-10,3963.7,35,975.86
2025-07-11,6294.94,48,1568.77
2025-07-12,3578.36,30,880.72
2025-07-13,7249.33,60,1760.74
2025-07-14,3359.95,30,930.78
2025-07-15,4770.02,37,1260.46
2025-07-16,5345.49,44,1512.23
2025-07-17,5252.93,45,1403.15
2025-07-18,4332.63,40,1343.76
2025-07-19,5432.84,46,1405.67
2025-07-20,6021.83,53,2066.72
2025-07-21,5704.07,44,1467.59
2025-07-22,5087.92,45,1129.82
2025-07-23,5258.55,41,1722.77
2025-07-24,5245.92,47,1750.82
2025-07-25,4696.44,42,1073.7
2025-07-26,3938.21,38,1324.43
2025-07-27,4090.78,33,1011.97
2025-07-28,3915.06,34,1309.88
2025-07-29,4782.59,43,1090.98
2025-07-30,2044.61,18,581.32
2025-07-31,3450.52,30,893.16
2025-08-01,5031.86,43,1758.59
2025-08-02,3515.71,34,952.55
2025-08-03,5099.92,38,1658.6
2025-08-04,3692.71,32,1240.95
2025-08-05,3272.2,32,816.15
2025-08-06,4256.55,40,1228.16
2025-08-07,4888.29,41,1166.49
2025-08-08,5120.09,44,1697.38
2025-08-09,2051.72,19,675.09
2025-08-10,4061.75,35,1352.07
2025-08-11,3607.64,37,1222.26
2025-08-12,3643.37,32,1178.23
2025-08-13,3525.21,33,827.22
2025-08-14,1907.79,19,536.18
2025-08-15,4984.34,42,1147.78
2025-08-16,2318.02,22,772.75
2025-08-17,2538.95,24,748.73
2025-08-18,3900.76,32,901.09
2025-08-19,3763.45,35,1266.87
2025-08-20,3458.71,30,813.06
2025-08-21,3070.14,26,1038.72
2025-08-22,4376.99,35,1429.06
2025-08-23,4220.43,35,1385.05
2025-08-24,3017.08,30,1013.77
2025-08-25,2893.11,26,945.73
2025-08-26,4329.56,39,1107.79
2025-08-27,2217.55,20,501.5
2025-08-28,3964.79,35,1374.01
2025-08-29,4451.02,39,1426.6
2025-08-30,3532.41,30,1091.28
2025-08-31,2626.43,23,599.54
2025-09-01,3704.11,30,1012.19
2025-09-02,3287.31,29,928.37
2025-09-03,4437.21,38,1022.38
2025-09-04,3866.9,35,1296.09
2025-09-05,4410.82,35,1516.23
2025-09-06,2165.72,20,557.53
2025-09-07,3268.89,28,898.8
2025-09-08,3274.88,26,968.92
2025-09-09,4865.72,43,1310.3
2025-09-10,4357.57,38,1350.54
2025-09-11,4102.2,35,974.81
2025-09-12,4184.17,36,1080.45
2025-09-13,2691.2,25,609.47
2025-09-14,2137.27,20,614.12
2025-09-15,4961.47,41,1484.39
2025-09-16,4537.54,41,1038.63
2025-09-17,4420.09,38,1458.37
2025-09-18,3259.39,31,719.57
2025-09-19,5104.23,43,1773.46
2025-09-20,3805.73,32,1275.48
2025-09-21,3439.95,29,821.35
2025-09-22,3936.41,36,998.03
2025-09-23,4067.5,37,1236.45
2025-09-24,4107.86,36,1297.04
2025-09-25,4063.19,32,1059.75
2025-09-26,3668.88,31,1060.4
2025-09-27,3857.74,30,1269.51
2025-09-28,3142.97,24,1071.44
2025-09-29,5028.43,47,1365.53
2025-09-30,4423.14,34,1371.18
2025-10-01,4606.63,41,1424.07
2025-10-02,3216.73,28,912.91
2025-10-03,4330.15,40,990.37
2025-10-04,2663.77,23,713.49
2025-10-05,3894.49,38,1304.82
2025-10-06,3445.03,30,1044.63
2025-10-07,2383.31,20,754.34
2025-10-08,3032.17,26,1004.91
2025-10-09,3785.58,33,996.68
2025-10-10,2511.95,24,758.19
2025-10-11,4563.36,37,1289.76
2025-10-12,4917.87,39,1644.42
2025-10-13,2765.1,23,738.49
2025-10-14,3417.92,34,1162.04
2025-10-15,5683.15,50,1316.86
2025-10-16,1710.59,14,441.58
2025-10-17,4061.4,35,1016.59
2025-10-18,3003.41,31,921.53
2025-10-19,3112.65,27,796.51
2025-10-20,5179.87,46,1684.07
2025-10-21,1297.13,12,401.25
2025-10-22,3444.28,35,880.21
2025-10-23,4117.86,38,1093.25
2025-10-24,3880.04,38,1293.22
2025-10-25,3833.66,33,1179.71
2025-10-26,5190.98,46,1722.0
2025-10-27,4561.6,38,1312.59
2025-10-28,3691.04,37,892.5
2025-10-29,3873.42,33,1033.45
2025-10-30,3378.43,29,824.33
2025-10-31,4265.48,38,1485.74
2025-11-01,3642.74,36,880.09
2025-11-02,4829.76,40,1121.91
2025-11-03,6053.72,55,2050.22
2025-11-04,5676.09,51,1536.94
2025-11-05,5593.68,47,1827.04
2025-11-06,5175.01,43,1492.29
2025-11-07,4813.22,40,1666.41
2025-11-08,6034.78,59,1834.18
2025-11-09,4025.47,32,899.79
2025-11-10,5427.21,51,1888.5
2025-11-11,4020.7,36,1322.05
2025-11-12,5426.71,45,1365.83
2025-11-13,5458.4,43,1418.52
2025-11-14,5476.62,52,1868.61
2025-11-15,5619.97,50,1455.09
2025-11-16,5549.1,45,1759.18
2025-11-17,5881.93,51,1630.65
2025-11-18,3462.03,32,1174.24
2025-11-19,5943.8,54,1853.37
2025-11-20,4018.18,34,1297.06
2025-11-21,4818.41,41,1438.11
2025-11-22,7264.47,58,2015.02
2025-11-23,6157.14,60,1623.63
2025-11-24,6042.68,56,1653.67
2025-11-25,5677.68,50,1815.56
2025-11-26,5508.91,52,1668.04
2025-11-27,3743.63,36,1104.05
2025-11-28,6173.04,51,2086.87
2025-11-29,3072.92,31,1046.93
2025-11-30,6209.94,55,2059.4
2025-12-01,4469.03,41,1045.62
2025-12-02,6387.82,54,1471.1
2025-12-03,5473.23,52,1759.79
2025-12-04,4366.84,37,1448.09
2025-12-05,6021.45,54,1561.7
2025-12-06,6055.31,49,1860.24
2025-12-07,4876.48,47,1453.36
2025-12-08,4292.49,35,1110.09
2025-12-09,6467.03,52,1552.4
2025-12-10,5969.65,46,1647.97
2025-12-11,4935.37,43,1257.59
2025-12-12,4179.57,34,931.12
2025-12-13,5178.78,45,1625.67
2025-12-14,6701.45,60,1673.25
2025-12-15,6664.14,54,2225.55
2025-12-16,6622.74,55,1664.76
2025-12-17,6070.74,58,1857.88
2025-12-18,6568.19,61,2247.21
2025-12-19,6182.58,53,1637.38
2025-12-20,6489.28,56,1485.52
2025-12-21,4966.87,52,1356.07
2025-12-22,6111.32,53,1392.18
2025-12-23,6298.53,56,2177.8
2025-12-24,3346.87,31,870.14
2025-12-25,5558.58,50,1843.39
2025-12-26,5307.06,50,1302.93
2025-12-27,5570.21,51,1340.61
2025-12-28,5528.11,49,1426.13
2025-12-29,5817.76,45,1597.34
2025-12-30,6375.2,52,2073.03
2025-12-31,5848.95,50,1869.26
